Title,MediaType,RunTime,Year,ImdbID
Forensic Files,TV Series,30,1996-2011,tt0283185
A Chilling Cosplay,N/A,95,2013,tt6448104
A Tale Dark & Grimm,TV Series,26,2021,tt14921814
Avengers Assemble,TV Series,23,2012-2019,tt8893810
Byvshaya,N/A,87,2021,tt14255178
The Lovers' Guide: Igniting Desire,N/A,66,2011,tt2671342
Poketto monsutâ,TV Series,24,1997-2023,tt1738586
Strappare lungo i bordi,TV Series,20,2021,tt15654466
Scooby-Doo! and WWE: Curse of the Speed Demon,Video,80,2016,tt5843946
Cheburashka,N/A,80,2010,tt3676322
Dr. Pimple Popper,TV Series,42,2018-,tt8564914
Prison Break,TV Series,44,2005-2017,tt4928092
Cómo sobrevivir soltero,TV Series,32,2020-,tt8980700
Kioku ni gozaimasen!,N/A,127,2019,tt11052550
True Story with Ed & Randall,TV Series,40,2022,tt13081238
The Making of the Mob,TV Series,343,2015-2016,tt5777020
Deca-Dence,TV Mini Series,23,2020,tt12499812
Lego DC Comics Super Heroes: Justice League vs. Bizarro League,Video,49,2015,tt4399814
Medici,TV Series,60,2016-2019,tt7938036
90 Day Fiancé: Happily Ever After?,TV Series,85,2016-,tt6145246
The Good Soldier Shweik,N/A,77,2010,tt2475772
The Legend of Harrow Woods,Video,78,2002,tt2014369
Monster High: Fright On,TV Movie,46,2011,tt3791266
Une petite zone de turbulences,N/A,108,2009,tt1410213
The Crossing,N/A,129,2014,tt3038664
Khochu v tyurmu,N/A,94,1999,tt0167231
Teen Wolf,TV Series,41,2011-2017,tt1998328
The Bible,TV Mini Series,440,2013,tt2254092
Barbie & Her Sisters in a Pony Tale,Video,72,2013,tt3329358
Urzila Carlson: Overqualified Loser,TV Special,62,2020,tt12580626
Taken,TV Series,41,2017-2018,tt5134476
The United Way,N/A,90,2021,tt12382282
Pigster,N/A,64,2019,tt11261584
Nowhereland,N/A,95,2016,tt8362516
Code Geass: Hangyaku no Lelouch,TV Series,24,2006-2008,tt1196006
Drug$,N/A,80,2018,tt8300584
Mikkusu,N/A,119,2017,tt6523440
The Family,TV Series,60,2016,tt4438612
"Tiger King: Murder, Mayhem and Madness",TV Series,45,2020-2021,tt11829330
Elliott from Earth,TV Series,12,2021,tt13951218
Dream Team: Birth of the Modern Athlete,TV Mini Series,202,N/A,tt10950834
Hyvästi Afrikka,N/A,84,2015,tt4074342
Doroga na Berlin,N/A,82,2015,tt6890610
Hello Neighbor,TV Movie,90,2019,tt9815596
Raw,N/A,94,2016,tt7941052
Chô no yô ni nemuru,N/A,110,2017,tt8938010
Cencoroll,N/A,25,2009,tt1520841
"McCartney 3,2,1",TV Mini Series,30,2021,tt14672424
Rasputin,N/A,87,2011,tt2992590
Sachin,N/A,138,2017,tt5624748
Myth Hunters,TV Series,2012,N/A,tt4260668
A Perfect Planet,TV Mini Series,245,2021,tt11891828
Mei ren yu zhi hai dao lai xi,N/A,77,2015,tt5812360
Big Time Movie,TV Movie,68,2012,tt2165641
Tournament of Champions,TV Series,60,2020-,tt12416072
Enlightened,TV Series,28,2011-2013,tt1576717
Long libeu mokpo king yeongung,N/A,118,2019,tt10449184
Mayday,TV Series,46,2003-,tt2091498
Wellington Paranormal,TV Series,30,2018-2022,tt7765450
Yokogao,N/A,111,2019,tt10540492
BNA,TV Mini Series,23,2020,tt12015066
Haunting in the Heartland,TV Series,2020,N/A,tt11891220
Pyos Barbos i neobychnyj kross,N/A,10,1961,tt1831745
Top Gear USA,TV Series,45,2008-2016,tt1657260
7 Little Johnstons,TV Series,42,2013-,tt5884424
The X Files,TV Series,45,1993-2018,tt4370492
The Equalizer,TV Series,43,2021-,tt11809048
Als die Sonne vom Himmel fiel,N/A,79,2015,tt5139660
Genjitsu-shugi-yûsha no ôkoku-saiken-ki,TV Series,24,2021-,tt13403426
Urumi,N/A,172,2011,tt5440594
Jûni-nin no shinitai kodomo-tachi,N/A,117,2019,tt9315000
Men in Kilts: A Roadtrip with Sam and Graham,TV Series,30,2021-,tt12490370
Pingu,TV Series,60,1980-2006,tt0366069
De nærmeste,N/A,106,2015,tt4210992
Roseanne,TV Series,21,1988-2018,tt6845390
The Girl Before,TV Mini Series,229,2021,tt13930240
Oru Adaar Love,N/A,145,2019,tt9738332
8 Days: To the Moon and Back,TV Movie,90,2019,tt10503788
The Movies That Made Us,TV Series,44,2019-,tt13439972
Nightmare Box,N/A,90,2013,tt7541632
Resident Evil: Infinite Darkness,TV Series,26,2021-,tt13173456
Yasamayanlar,TV Mini Series,60,2018,tt9817220
Pat a Mat: Zimní radovánky,N/A,60,2018,tt9296694
Killer Sofa,N/A,81,2019,tt10927122
Moot yat paai dui,N/A,90,2013,tt4253162
Dial 100,N/A,104,2021,tt15062202
Caller ID,N/A,98,2010,tt5221184
Dragon Ball Z: Kiken na Futari! Super Senshi wa Nemurenai,N/A,48,1994,tt0285036
Nayaki,N/A,113,2016,tt5884386
Lost Child,N/A,100,2017,tt8897988
15+ Coming of Age,N/A,104,2017,tt10467358
Nesokrushimyy,N/A,90,2018,tt9470864
Singled Out,TV Series,2020,N/A,tt11542228
G Saat,N/A,105,2018,tt9679366
Hamlet Pheroun,N/A,110,2019,tt10500142
Holy Faak,TV Series,2017–201,N/A,tt8811122
Locke & Key,TV Series,48,2020-2022,tt5780592
Inn the Works,TV Series,2021,N/A,tt13101122
Jim Knopf & Lukas der Lokomotivführer,N/A,110,2018,tt7302634
High-Rise Invasion,TV Series,25,2021-,tt13357722
Doc West: La sfida,TV Movie,97,2009,tt1726622
Sa-rang-eui bul-shi-chak,TV Series,70,2019-2020,tt11178330
The Book of Nightmares,N/A,85,2017,tt11615634
Poketto monsutâ,TV Series,24,1997-2023,tt0176385
Le bonheur des uns...,N/A,104,2020,tt11018048
Suits,TV Series,44,2011-2019,tt1967681
The Bold Type,TV Series,45,2017-2021,tt6411132
Miraculous: Tales of Ladybug & Cat Noir,TV Series,20,2015-,tt5341804
Sword Art Online,TV Series,24,2012-,tt3433708
The Biggest Loser,TV Series,42,2004-,tt10334512
Remélem legközelebb sikerül meghalnod:),N/A,96,2018,tt8723836
Lights Out,TV Series,60,2011,tt1637330
De wilde stad,N/A,85,2018,tt8214666
Slow Burn,TV Series,351,2020,tt11474458
