Title,MediaType,RunTime,Year
Forensic Files,TV Series,30,1996–2011
A Chilling Cosplay,N/A,95,2013
A Tale Dark & Grimm,TV Series,26,2021
Avengers Assemble,TV Series,23,2012–2019
Byvshaya,N/A,87,2021
The Lovers' Guide: Igniting Desire,N/A,66,2011
Poketto monsutâ,TV Series,24,1997–2023
Strappare lungo i bordi,TV Series,20,2021
Scooby-Doo! and WWE: Curse of the Speed Demon,Video,80,2016
Cheburashka,N/A,80,2010
Dr. Pimple Popper,TV Series,42,2018– 
Prison Break,TV Series,44,2005–2017
Cómo sobrevivir soltero,TV Series,32,2020– 
Kioku ni gozaimasen!,N/A,127,2019
True Story with Ed & Randall,TV Series,40,2022
The Making of the Mob,TV Series,343,2015–2016
Deca-Dence,TV Mini Series,23,2020
Lego DC Comics Super Heroes: Justice League vs. Bizarro League,Video,49,2015
Medici,TV Series,60,2016–2019
90 Day Fiancé: Happily Ever After?,TV Series,85,2016– 
The Good Soldier Shweik,N/A,77,2010
The Legend of Harrow Woods,Video,78,2002
Monster High: Fright On,TV Movie,46,2011
The Crossing,N/A,129,2014
Khochu v tyurmu,N/A,94,1999
Teen Wolf,TV Series,41,2011–2017
The Bible,TV Mini Series,440,2013
Barbie & Her Sisters in a Pony Tale,Video,72,2013
Urzila Carlson: Overqualified Loser,TV Special,62,2020
Taken,TV Series,41,2017–2018
The United Way,N/A,90,2021
Pigster,N/A,64,2019
Nowhereland,N/A,95,2016
Code Geass: Hangyaku no Lelouch,TV Series,24,2006–2008
Drug$,N/A,80,2018
Mikkusu,N/A,119,2017
The Family,TV Series,60,2016
"Tiger King: Murder, Mayhem and Madness",TV Series,45,2020–2021
Elliott from Earth,TV Series,12,2021
Dream Team: Birth of the Modern Athlete,N/A,202,TV Mini Series
Hyvästi Afrikka,N/A,84,2015
Doroga na Berlin,N/A,82,2015
Hello Neighbor,TV Movie,90,2019
Raw,N/A,94,2016
Chô no yô ni nemuru,N/A,110,2017
Cencoroll,N/A,25,2009
"McCartney 3,2,1",TV Mini Series,30,2021
Rasputin,N/A,87,2011
Sachin,N/A,138,2017
Myth Hunters,N/A,2012–,TV Series
A Perfect Planet,TV Mini Series,245,2021
Mei ren yu zhi hai dao lai xi,N/A,77,2015
Big Time Movie,TV Movie,68,2012
Tournament of Champions,TV Series,60,2020– 
Enlightened,TV Series,28,2011–2013
Long libeu mokpo king yeongung,N/A,118,2019
Mayday,TV Series,46,2003– 
Wellington Paranormal,TV Series,30,2018–2022
Yokogao,N/A,111,2019
BNA,TV Mini Series,23,2020
Haunting in the Heartland,N/A,2020–,TV Series
Pyos Barbos i neobychnyj kross,N/A,10,1961
Top Gear USA,TV Series,45,2008–2016
7 Little Johnstons,TV Series,42,2013– 
The X Files,TV Series,45,1993–2018
The Equalizer,TV Series,43,2021– 
Als die Sonne vom Himmel fiel,N/A,79,2015
Genjitsu-shugi-yûsha no ôkoku-saiken-ki,TV Series,24,2021– 
Urumi,N/A,172,2011
Jûni-nin no shinitai kodomo-tachi,N/A,117,2019
Men in Kilts: A Roadtrip with Sam and Graham,TV Series,30,2021– 
Pingu,TV Series,60,1980–2006
De nærmeste,N/A,106,2015
Roseanne,TV Series,21,1988–2018
The Girl Before,TV Mini Series,229,2021
Oru Adaar Love,N/A,145,2019
8 Days: To the Moon and Back,TV Movie,90,2019
The Movies That Made Us,TV Series,44,2019– 
Nightmare Box,N/A,90,2013
Resident Evil: Infinite Darkness,TV Series,26,2021– 
Yasamayanlar,TV Mini Series,60,2018
Pat a Mat: Zimní radovánky,N/A,60,2018
Killer Sofa,N/A,81,2019
Moot yat paai dui,N/A,90,2013
Dial 100,N/A,104,2021
Caller ID,N/A,98,2010
Dragon Ball Z: Kiken na Futari! Super Senshi wa Nemurenai,N/A,48,1994
Nayaki,N/A,113,2016
Lost Child,N/A,100,2017
15+ Coming of Age,N/A,104,2017
Nesokrushimyy,N/A,90,2018
Singled Out,N/A,2020–,TV Series
G Saat,N/A,105,2018
Hamlet Pheroun,N/A,110,2019
Holy Faak,N/A,2017–201,TV Series
Locke & Key,TV Series,48,2020–2022
Inn the Works,N/A,2021–,TV Series
Jim Knopf & Lukas der Lokomotivführer,N/A,110,2018
High-Rise Invasion,TV Series,25,2021– 
Doc West: La sfida,TV Movie,97,2009
Sa-rang-eui bul-shi-chak,TV Series,70,2019–2020
The Book of Nightmares,N/A,85,2017
Poketto monsutâ,TV Series,24,1997–2023
Le bonheur des uns...,N/A,104,2020
Suits,TV Series,44,2011–2019
The Bold Type,TV Series,45,2017–2021
Miraculous: Tales of Ladybug & Cat Noir,TV Series,20,2015– 
Sword Art Online,TV Series,24,2012– 
The Biggest Loser,TV Series,42,2004– 
Remélem legközelebb sikerül meghalnod:),N/A,96,2018
Lights Out,TV Series,60,2011
De wilde stad,N/A,85,2018
Slow Burn,TV Series,351,2020
