title,media_type,runtime,release_year,imdb_id
Secret Invasion,TV Mini Series,,2023,tt13157618
Silo,TV Series,,2023-,tt14688458
Hijack,TV Series,,2023-,tt19854762
Sheroes,2023,,R,tt16970906
The Angry Black Girl and Her Monster,2023,,Not Rated,tt19896150
Formula 1,TV Series,,1950-,tt6758316
The Crowded Room,TV Mini Series,,2023-,tt14417718
The Perfect Find,2023,,TV-MA,tt8400584
The Clearing,TV Mini Series,,2023-,tt20259432
Matt Rife: Only Fans,TV Special,,2021,tt16711670
Vika-Uragan,TV Series,,2023,tt21087226
Through My Window: Across the Sea,2023,,TV-MA,tt21245882
Maximum Truth,2023,,R,tt14825364
Love at First Lie,TV Series,,2022-,tt22051112
